<?xml version="1.0" encoding="UTF-8" standalone="yes"?>
<addon id="repository.kodicat" name="KodiCat repository" version="1.0.4" provider-name="KodiCat">
	<extension point="xbmc.addon.repository" name="KodiCat">
		<info compressed="false">https://white.seedhost.eu/kodicat/zips/addons.xml</info>
		<checksum>https://white.seedhost.eu/kodicat/zips/addons.xml.md5</checksum>
		<datadir zip="true">https://white.seedhost.eu/kodicat/zips/</datadir>
	</extension>
	<extension point="xbmc.addon.metadata">
		<summary>The Official Repo for KodiCat</summary>
		<description>The Official Repo for KodiCat</description>
		<platform>all</platform>
	</extension>
</addon>